{
  "best_global_step": null,
  "best_metric": null,
  "best_model_checkpoint": null,
  "epoch": 3.0,
  "eval_steps": 500,
  "global_step": 3720,
  "is_hyper_param_search": false,
  "is_local_process_zero": true,
  "is_world_process_zero": true,
  "log_history": [
    {
      "epoch": 0.08064516129032258,
      "grad_norm": 14.033369064331055,
      "learning_rate": 1.9467741935483874e-05,
      "loss": 0.5862,
      "step": 100
    },
    {
      "epoch": 0.16129032258064516,
      "grad_norm": 13.598170280456543,
      "learning_rate": 1.8930107526881723e-05,
      "loss": 0.3742,
      "step": 200
    },
    {
      "epoch": 0.24193548387096775,
      "grad_norm": 14.716676712036133,
      "learning_rate": 1.8392473118279572e-05,
      "loss": 0.3794,
      "step": 300
    },
    {
      "epoch": 0.3225806451612903,
      "grad_norm": 27.527463912963867,
      "learning_rate": 1.785483870967742e-05,
      "loss": 0.3527,
      "step": 400
    },
    {
      "epoch": 0.4032258064516129,
      "grad_norm": 2.9647324085235596,
      "learning_rate": 1.731720430107527e-05,
      "loss": 0.3615,
      "step": 500
    },
    {
      "epoch": 0.4838709677419355,
      "grad_norm": 1.343961238861084,
      "learning_rate": 1.677956989247312e-05,
      "loss": 0.3009,
      "step": 600
    },
    {
      "epoch": 0.5645161290322581,
      "grad_norm": 6.591852188110352,
      "learning_rate": 1.624193548387097e-05,
      "loss": 0.3432,
      "step": 700
    },
    {
      "epoch": 0.6451612903225806,
      "grad_norm": 4.600841045379639,
      "learning_rate": 1.570430107526882e-05,
      "loss": 0.3023,
      "step": 800
    },
    {
      "epoch": 0.7258064516129032,
      "grad_norm": 3.800114631652832,
      "learning_rate": 1.5166666666666667e-05,
      "loss": 0.2724,
      "step": 900
    },
    {
      "epoch": 0.8064516129032258,
      "grad_norm": 4.939380645751953,
      "learning_rate": 1.4629032258064518e-05,
      "loss": 0.2848,
      "step": 1000
    },
    {
      "epoch": 0.8870967741935484,
      "grad_norm": 39.194091796875,
      "learning_rate": 1.4091397849462367e-05,
      "loss": 0.304,
      "step": 1100
    },
    {
      "epoch": 0.967741935483871,
      "grad_norm": 22.482206344604492,
      "learning_rate": 1.3553763440860216e-05,
      "loss": 0.3073,
      "step": 1200
    },
    {
      "epoch": 1.0483870967741935,
      "grad_norm": 20.675006866455078,
      "learning_rate": 1.3016129032258064e-05,
      "loss": 0.2758,
      "step": 1300
    },
    {
      "epoch": 1.129032258064516,
      "grad_norm": 1.4956907033920288,
      "learning_rate": 1.2478494623655915e-05,
      "loss": 0.3355,
      "step": 1400
    },
    {
      "epoch": 1.2096774193548387,
      "grad_norm": 2.8017730712890625,
      "learning_rate": 1.1940860215053764e-05,
      "loss": 0.2728,
      "step": 1500
    },
    {
      "epoch": 1.2903225806451613,
      "grad_norm": 10.552342414855957,
      "learning_rate": 1.1403225806451614e-05,
      "loss": 0.2251,
      "step": 1600
    },
    {
      "epoch": 1.370967741935484,
      "grad_norm": 25.583980560302734,
      "learning_rate": 1.0865591397849465e-05,
      "loss": 0.2733,
      "step": 1700
    },
    {
      "epoch": 1.4516129032258065,
      "grad_norm": 2.5470798015594482,
      "learning_rate": 1.0327956989247312e-05,
      "loss": 0.2427,
      "step": 1800
    },
    {
      "epoch": 1.532258064516129,
      "grad_norm": 50.19240951538086,
      "learning_rate": 9.790322580645162e-06,
      "loss": 0.2547,
      "step": 1900
    },
    {
      "epoch": 1.6129032258064515,
      "grad_norm": 18.987619400024414,
      "learning_rate": 9.252688172043013e-06,
      "loss": 0.2662,
      "step": 2000
    },
    {
      "epoch": 1.6935483870967742,
      "grad_norm": 12.019171714782715,
      "learning_rate": 8.71505376344086e-06,
      "loss": 0.2659,
      "step": 2100
    },
    {
      "epoch": 1.7741935483870968,
      "grad_norm": 10.08638858795166,
      "learning_rate": 8.177419354838711e-06,
      "loss": 0.2324,
      "step": 2200
    },
    {
      "epoch": 1.8548387096774195,
      "grad_norm": 14.239385604858398,
      "learning_rate": 7.63978494623656e-06,
      "loss": 0.2738,
      "step": 2300
    },
    {
      "epoch": 1.935483870967742,
      "grad_norm": 9.681804656982422,
      "learning_rate": 7.102150537634409e-06,
      "loss": 0.2403,
      "step": 2400
    },
    {
      "epoch": 2.0161290322580645,
      "grad_norm": 10.40730094909668,
      "learning_rate": 6.564516129032259e-06,
      "loss": 0.2563,
      "step": 2500
    },
    {
      "epoch": 2.096774193548387,
      "grad_norm": 6.016748428344727,
      "learning_rate": 6.026881720430108e-06,
      "loss": 0.2288,
      "step": 2600
    },
    {
      "epoch": 2.1774193548387095,
      "grad_norm": 6.1738715171813965,
      "learning_rate": 5.489247311827958e-06,
      "loss": 0.1852,
      "step": 2700
    },
    {
      "epoch": 2.258064516129032,
      "grad_norm": 1.0658241510391235,
      "learning_rate": 4.951612903225807e-06,
      "loss": 0.2191,
      "step": 2800
    },
    {
      "epoch": 2.338709677419355,
      "grad_norm": 1.7986949682235718,
      "learning_rate": 4.4139784946236565e-06,
      "loss": 0.2305,
      "step": 2900
    },
    {
      "epoch": 2.4193548387096775,
      "grad_norm": 4.627852916717529,
      "learning_rate": 3.876344086021506e-06,
      "loss": 0.1963,
      "step": 3000
    },
    {
      "epoch": 2.5,
      "grad_norm": 15.42866325378418,
      "learning_rate": 3.338709677419355e-06,
      "loss": 0.2348,
      "step": 3100
    },
    {
      "epoch": 2.5806451612903225,
      "grad_norm": 15.087246894836426,
      "learning_rate": 2.8010752688172045e-06,
      "loss": 0.2016,
      "step": 3200
    },
    {
      "epoch": 2.661290322580645,
      "grad_norm": 13.426076889038086,
      "learning_rate": 2.263440860215054e-06,
      "loss": 0.2671,
      "step": 3300
    },
    {
      "epoch": 2.741935483870968,
      "grad_norm": 0.4867023527622223,
      "learning_rate": 1.7258064516129034e-06,
      "loss": 0.228,
      "step": 3400
    },
    {
      "epoch": 2.8225806451612905,
      "grad_norm": 13.56712532043457,
      "learning_rate": 1.188172043010753e-06,
      "loss": 0.223,
      "step": 3500
    },
    {
      "epoch": 2.903225806451613,
      "grad_norm": 8.24294662475586,
      "learning_rate": 6.505376344086021e-07,
      "loss": 0.205,
      "step": 3600
    },
    {
      "epoch": 2.9838709677419355,
      "grad_norm": 15.48025894165039,
      "learning_rate": 1.1290322580645161e-07,
      "loss": 0.1771,
      "step": 3700
    },
    {
      "epoch": 3.0,
      "step": 3720,
      "total_flos": 355387951351296.0,
      "train_loss": 0.27478059914804276,
      "train_runtime": 1204.6211,
      "train_samples_per_second": 49.375,
      "train_steps_per_second": 3.088
    }
  ],
  "logging_steps": 100,
  "max_steps": 3720,
  "num_input_tokens_seen": 0,
  "num_train_epochs": 3,
  "save_steps": 500,
  "stateful_callbacks": {
    "TrainerControl": {
      "args": {
        "should_epoch_stop": false,
        "should_evaluate": false,
        "should_log": false,
        "should_save": true,
        "should_training_stop": true
      },
      "attributes": {}
    }
  },
  "total_flos": 355387951351296.0,
  "train_batch_size": 16,
  "trial_name": null,
  "trial_params": null
}
